id,name,description,project_id,priority,status,employee_id,due_at,completed_at,created_at,modified_at,created_by,modified_by
1,Task 1,Description 1,1,Low,To Do,8,2025-04-01,,2025-03-30 12:00:00,2025-03-30 12:00:00,server,server
2,Task 2,Description 2,2,Medium,In Progress,9,2025-04-02,,2025-03-30 12:00:00,2025-03-30 12:00:00,server,server
3,Task 3,Description 3,3,High,Blocked,10,2025-04-03,,2025-03-30 12:00:00,2025-03-30 12:00:00,server,server
4,Task 4,Description 4,4,Critical,Completed,11,2025-04-04,2025-04-04,2025-03-30 12:00:00,2025-03-30 12:00:00,server,server
5,Task 5,Description 5,5,Low,To Do,12,2025-04-05,,2025-03-30 12:00:00,2025-03-30 12:00:00,server,server
6,Task 6,Description 6,6,Medium,In Progress,13,2025-04-06,,2025-03-30 12:00:00,2025-03-30 12:00:00,server,server
7,Task 7,Description 7,7,High,Blocked,14,2025-04-07,,2025-03-30 12:00:00,2025-03-30 12:00:00,server,server
8,Task 8,Description 8,8,Critical,Completed,15,2025-04-08,2025-04-08,2025-03-30 12:00:00,2025-03-30 12:00:00,server,server
9,Task 9,Description 9,9,Low,To Do,16,2025-04-09,,2025-03-30 12:00:00,2025-03-30 12:00:00,server,server
10,Task 10,Description 10,10,Medium,In Progress,17,2025-04-10,,2025-03-30 12:00:00,2025-03-30 12:00:00,server,server
11,Task 11,Description 11,11,High,Blocked,18,2025-04-11,,2025-03-30 12:00:00,2025-03-30 12:00:00,server,server
12,Task 12,Description 12,12,Critical,Completed,19,2025-04-12,2025-04-12,2025-03-30 12:00:00,2025-03-30 12:00:00,server,server
13,Task 13,Description 13,1,Low,To Do,20,2025-04-13,,2025-03-30 12:00:00,2025-03-30 12:00:00,server,server
14,Task 14,Description 14,2,Medium,In Progress,21,2025-04-14,,2025-03-30 12:00:00,2025-03-30 12:00:00,server,server
15,Task 15,Description 15,3,High,Blocked,22,2025-04-15,,2025-03-30 12:00:00,2025-03-30 12:00:00,server,server
16,Task 16,Description 16,4,Critical,Completed,23,2025-04-16,2025-04-16,2025-03-30 12:00:00,2025-03-30 12:00:00,server,server
17,Task 17,Description 17,5,Low,To Do,24,2025-04-17,,2025-03-30 12:00:00,2025-03-30 12:00:00,server,server
18,Task 18,Description 18,6,Medium,In Progress,25,2025-04-18,,2025-03-30 12:00:00,2025-03-30 12:00:00,server,server
19,Task 19,Description 19,7,High,Blocked,26,2025-04-19,,2025-03-30 12:00:00,2025-03-30 12:00:00,server,server
20,Task 20,Description 20,8,Critical,Completed,27,2025-04-20,2025-04-20,2025-03-30 12:00:00,2025-03-30 12:00:00,server,server
21,Task 21,Description 21,9,Low,To Do,28,2025-04-21,,2025-03-30 12:00:00,2025-03-30 12:00:00,server,server
22,Task 22,Description 22,10,Medium,In Progress,29,2025-04-22,,2025-03-30 12:00:00,2025-03-30 12:00:00,server,server
23,Task 23,Description 23,11,High,Blocked,30,2025-04-23,,2025-03-30 12:00:00,2025-03-30 12:00:00,server,server
24,Task 24,Description 24,12,Critical,Completed,31,2025-04-24,2025-04-24,2025-03-30 12:00:00,2025-03-30 12:00:00,server,server
25,Task 25,Description 25,1,Low,To Do,32,2025-04-25,,2025-03-30 12:00:00,2025-03-30 12:00:00,server,server
26,Task 26,Description 26,2,Medium,In Progress,33,2025-04-26,,2025-03-30 12:00:00,2025-03-30 12:00:00,server,server
27,Task 27,Description 27,3,High,Blocked,34,2025-04-27,,2025-03-30 12:00:00,2025-03-30 12:00:00,server,server
28,Task 28,Description 28,4,Critical,Completed,35,2025-04-28,2025-04-28,2025-03-30 12:00:00,2025-03-30 12:00:00,server,server
29,Task 29,Description 29,5,Low,To Do,43,2025-04-29,,2025-03-30 12:00:00,2025-03-30 12:00:00,server,server
30,Task 30,Description 30,6,Medium,In Progress,44,2025-04-30,,2025-03-30 12:00:00,2025-03-30 12:00:00,server,server
31,Task 31,Description 31,7,High,Blocked,45,2025-05-01,,2025-03-30 12:00:00,2025-03-30 12:00:00,server,server
32,Task 32,Description 32,8,Critical,Completed,46,2025-05-02,2025-05-02,2025-03-30 12:00:00,2025-03-30 12:00:00,server,server
33,Task 33,Description 33,9,Low,To Do,47,2025-05-03,,2025-03-30 12:00:00,2025-03-30 12:00:00,server,server
34,Task 34,Description 34,10,Medium,In Progress,48,2025-05-04,,2025-03-30 12:00:00,2025-03-30 12:00:00,server,server
35,Task 35,Description 35,11,High,Blocked,49,2025-05-05,,2025-03-30 12:00:00,2025-03-30 12:00:00,server,server
36,Task 36,Description 36,12,Critical,Completed,50,2025-05-06,2025-05-06,2025-03-30 12:00:00,2025-03-30 12:00:00,server,server
37,Task 37,Description 37,1,Low,To Do,8,2025-05-07,,2025-03-30 12:00:00,2025-03-30 12:00:00,server,server
38,Task 38,Description 38,2,Medium,In Progress,9,2025-05-08,,2025-03-30 12:00:00,2025-03-30 12:00:00,server,server
39,Task 39,Description 39,3,High,Blocked,10,2025-05-09,,2025-03-30 12:00:00,2025-03-30 12:00:00,server,server
40,Task 40,Description 40,4,Critical,Completed,11,2025-05-10,2025-05-10,2025-03-30 12:00:00,2025-03-30 12:00:00,server,server
41,Task 41,Description 41,5,Low,To Do,12,2025-05-11,,2025-03-30 12:00:00,2025-03-30 12:00:00,server,server
42,Task 42,Description 42,6,Medium,In Progress,13,2025-05-12,,2025-03-30 12:00:00,2025-03-30 12:00:00,server,server
43,Task 43,Description 43,7,High,Blocked,14,2025-05-13,,2025-03-30 12:00:00,2025-03-30 12:00:00,server,server
44,Task 44,Description 44,8,Critical,Completed,15,2025-05-14,2025-05-14,2025-03-30 12:00:00,2025-03-30 12:00:00,server,server
45,Task 45,Description 45,9,Low,To Do,16,2025-05-15,,2025-03-30 12:00:00,2025-03-30 12:00:00,server,server
46,Task 46,Description 46,10,Medium,In Progress,17,2025-05-16,,2025-03-30 12:00:00,2025-03-30 12:00:00,server,server
47,Task 47,Description 47,11,High,Blocked,18,2025-05-17,,2025-03-30 12:00:00,2025-03-30 12:00:00,server,server
48,Task 48,Description 48,12,Critical,Completed,19,2025-05-18,2025-05-18,2025-03-30 12:00:00,2025-03-30 12:00:00,server,server
49,Task 49,Description 49,1,Low,To Do,20,2025-05-19,,2025-03-30 12:00:00,2025-03-30 12:00:00,server,server
50,Task 50,Description 50,2,Medium,In Progress,21,2025-05-20,,2025-03-30 12:00:00,2025-03-30 12:00:00,server,server